2018-06-13 19:19:26;5.0
2018-06-13 19:19:26;10.0
2018-06-13 19:19:27;15.0
2018-06-13 19:19:28;20.0
2018-06-13 19:19:28;25.0
2018-06-13 19:19:29;30.0
2018-06-13 19:19:29;35.0
2018-06-13 19:19:30;40.0
2018-06-13 19:19:30;45.0
2018-06-13 19:19:31;50.0
2018-06-13 19:19:31;55.0
2018-06-13 19:19:32;60.0
2018-06-13 19:19:32;65.0
2018-06-13 19:19:33;70.0
2018-06-13 19:19:33;75.0
2018-06-13 19:19:34;80.0
2018-06-13 19:19:34;85.0
2018-06-13 19:19:35;90.0
2018-06-13 19:19:35;95.0
2018-06-13 19:19:36;100.0
2018-06-13 19:19:36;105.0
2018-06-13 19:19:37;110.0
2018-06-13 19:19:37;115.0
2018-06-13 19:19:38;120.0
2018-06-13 19:19:38;125.0
2018-06-13 19:19:39;130.0
2018-06-13 19:19:39;135.0
2018-06-13 19:19:40;140.0
2018-06-13 19:19:40;145.0
2018-06-13 19:19:41;150.0
2018-06-13 19:19:41;155.0
2018-06-13 19:19:42;160.0
2018-06-13 19:19:43;165.0
2018-06-13 19:19:43;170.0
2018-06-13 19:19:44;175.0
2018-06-13 19:19:44;180.0
2018-06-13 19:19:45;185.0
2018-06-13 19:19:45;190.0
2018-06-13 19:19:46;195.0
2018-06-13 19:19:46;200.0
2018-06-13 19:19:47;205.0
2018-06-13 19:19:47;210.0
2018-06-13 19:19:48;215.0
2018-06-13 19:19:48;220.0
2018-06-13 19:19:49;225.0
2018-06-13 19:19:49;230.0
2018-06-13 19:19:50;235.0
2018-06-13 19:19:50;240.0
2018-06-13 19:19:51;245.0
2018-06-13 19:19:51;250.0
2018-06-13 19:19:52;255.0
2018-06-13 19:19:52;260.0
2018-06-13 19:19:53;265.0
2018-06-13 19:19:53;270.0
2018-06-13 19:19:54;275.0
2018-06-13 19:19:54;280.0
2018-06-13 19:19:55;285.0
2018-06-13 19:19:55;290.0
2018-06-13 19:19:56;295.0
2018-06-13 19:19:56;300.0
2018-06-13 19:19:57;305.0
2018-06-13 19:19:57;310.0
2018-06-13 19:19:58;315.0
2018-06-13 19:19:58;320.0
2018-06-13 19:19:59;325.0
2018-06-13 19:20:00;330.0
2018-06-13 19:20:00;335.0
2018-06-13 19:20:01;340.0
2018-06-13 19:20:01;345.0
2018-06-13 19:20:02;350.0
2018-06-13 19:20:02;355.0
2018-06-13 19:20:03;360.0
2018-06-13 19:20:03;365.0
2018-06-13 19:20:04;370.0
2018-06-13 19:20:04;375.0
2018-06-13 19:20:05;380.0
2018-06-13 19:20:05;385.0
2018-06-13 19:20:06;390.0
2018-06-13 19:20:06;395.0
2018-06-13 19:20:07;400.0
2018-06-13 19:20:07;405.0
2018-06-13 19:20:08;410.0
2018-06-13 19:20:08;415.0
2018-06-13 19:20:09;420.0
2018-06-13 19:20:09;425.0
2018-06-13 19:20:10;430.0
2018-06-13 19:20:10;435.0
2018-06-13 19:20:11;440.0
2018-06-13 19:20:11;445.0
2018-06-13 19:20:12;450.0
2018-06-13 19:20:12;455.0
2018-06-13 19:20:13;460.0
2018-06-13 19:20:13;465.0
2018-06-13 19:20:14;470.0
2018-06-13 19:20:14;475.0
2018-06-13 19:20:15;480.0
2018-06-13 19:20:16;485.0
2018-06-13 19:20:16;490.0
2018-06-13 19:20:17;495.0
2018-06-13 19:20:17;500.0
2018-06-13 19:20:18;505.0
2018-06-13 19:20:18;510.0
2018-06-13 19:20:19;515.0
2018-06-13 19:20:19;520.0
2018-06-13 19:20:20;525.0
2018-06-13 19:20:20;530.0
2018-06-13 19:20:21;535.0
2018-06-13 19:20:21;540.0
2018-06-13 19:20:22;545.0
2018-06-13 19:20:22;550.0
2018-06-13 19:20:23;555.0
2018-06-13 19:20:23;560.0
2018-06-13 19:20:24;565.0
2018-06-13 19:20:24;570.0
2018-06-13 19:20:25;575.0
2018-06-13 19:20:25;580.0
2018-06-13 19:20:26;585.0
2018-06-13 19:20:26;590.0
2018-06-13 19:20:27;595.0
2018-06-13 19:20:27;600.0
2018-06-13 19:20:28;605.0
2018-06-13 19:20:28;610.0
2018-06-13 19:20:29;615.0
2018-06-13 19:20:29;620.0
2018-06-13 19:20:30;625.0
2018-06-13 19:20:30;630.0
2018-06-13 19:20:31;635.0
2018-06-13 19:20:32;640.0
2018-06-13 19:20:32;645.0
2018-06-13 19:20:33;650.0
2018-06-13 19:20:33;655.0
2018-06-13 19:20:34;660.0
2018-06-13 19:20:34;665.0
2018-06-13 19:20:35;670.0
2018-06-13 19:20:35;675.0
2018-06-13 19:20:36;680.0
2018-06-13 19:20:36;685.0
2018-06-13 19:20:37;690.0
2018-06-13 19:20:37;695.0
2018-06-13 19:20:38;700.0
2018-06-13 19:20:38;705.0
2018-06-13 19:20:39;710.0
2018-06-13 19:20:39;715.0
2018-06-13 19:20:40;720.0
2018-06-13 19:20:40;725.0
2018-06-13 19:20:41;730.0
2018-06-13 19:20:41;735.0
2018-06-13 19:20:42;740.0
2018-06-13 19:20:42;745.0
2018-06-13 19:20:43;750.0
2018-06-13 19:20:43;755.0
2018-06-13 19:20:44;760.0
2018-06-13 19:20:44;765.0
2018-06-13 19:20:45;770.0
2018-06-13 19:20:45;775.0
2018-06-13 19:20:46;780.0
2018-06-13 19:20:47;785.0
2018-06-13 19:20:47;790.0
2018-06-13 19:20:48;795.0
2018-06-13 19:20:48;800.0
2018-06-13 19:20:49;805.0
2018-06-13 19:20:49;810.0
2018-06-13 19:20:50;815.0
2018-06-13 19:20:50;820.0
2018-06-13 19:20:51;825.0
2018-06-13 19:20:51;830.0
2018-06-13 19:20:52;835.0
2018-06-13 19:20:52;840.0
2018-06-13 19:20:53;845.0
2018-06-13 19:20:53;850.0
2018-06-13 19:20:54;855.0
2018-06-13 19:20:54;860.0
2018-06-13 19:20:55;865.0
2018-06-13 19:20:55;870.0
2018-06-13 19:20:56;875.0
2018-06-13 19:20:56;880.0
2018-06-13 19:20:57;885.0
2018-06-13 19:20:57;890.0
2018-06-13 19:20:58;895.0
2018-06-13 19:20:58;900.0
2018-06-13 19:20:59;905.0
2018-06-13 19:20:59;910.0
2018-06-13 19:21:00;915.0
2018-06-13 19:21:00;920.0
2018-06-13 19:21:01;925.0
2018-06-13 19:21:01;930.0
2018-06-13 19:21:02;935.0
2018-06-13 19:21:03;940.0
2018-06-13 19:21:03;945.0
2018-06-13 19:21:04;950.0
2018-06-13 19:21:04;955.0
2018-06-13 19:21:05;960.0
2018-06-13 19:21:05;965.0
2018-06-13 19:21:06;970.0
2018-06-13 19:21:06;975.0
2018-06-13 19:21:07;980.0
2018-06-13 19:21:07;985.0
2018-06-13 19:21:08;990.0
2018-06-13 19:21:08;995.0
2018-06-13 19:21:09;1000.0
2018-06-13 19:21:09;1005.0
2018-06-13 19:21:10;1010.0
2018-06-13 19:21:10;1015.0
2018-06-13 19:21:11;1020.0
2018-06-13 19:21:11;1025.0
2018-06-13 19:21:12;1030.0
2018-06-13 19:21:12;1035.0
2018-06-13 19:21:13;1040.0
2018-06-13 19:21:13;1045.0
2018-06-13 19:21:14;1050.0
2018-06-13 19:21:14;1055.0
2018-06-13 19:21:15;1060.0
2018-06-13 19:21:15;1065.0
2018-06-13 19:21:16;1070.0
2018-06-13 19:21:16;1075.0
2018-06-13 19:21:17;1080.0
2018-06-13 19:21:17;1085.0
2018-06-13 19:21:18;1090.0
2018-06-13 19:21:19;1095.0
2018-06-13 19:21:19;1100.0
2018-06-13 19:21:20;1105.0
2018-06-13 19:21:20;1110.0
2018-06-13 19:21:21;1115.0
2018-06-13 19:21:21;1120.0
2018-06-13 19:21:22;1125.0
2018-06-13 19:21:22;1130.0
2018-06-13 19:21:23;1135.0
2018-06-13 19:21:23;1140.0
2018-06-13 19:21:24;1145.0
2018-06-13 19:21:24;1150.0
2018-06-13 19:21:25;1155.0
2018-06-13 19:21:25;1160.0
2018-06-13 19:21:26;1165.0
2018-06-13 19:21:26;1170.0
2018-06-13 19:21:27;1175.0
2018-06-13 19:21:27;1180.0
2018-06-13 19:21:28;1185.0
2018-06-13 19:21:28;1190.0
2018-06-13 19:21:29;1195.0
2018-06-13 19:21:29;1200.0
2018-06-13 19:21:30;1205.0
2018-06-13 19:21:30;1210.0
2018-06-13 19:21:31;1215.0
2018-06-13 19:21:31;1220.0
2018-06-13 19:21:32;1225.0
2018-06-13 19:21:32;1230.0
2018-06-13 19:21:33;1235.0
2018-06-13 19:21:33;1240.0
2018-06-13 19:21:34;1245.0
2018-06-13 19:21:35;1250.0
2018-06-13 19:21:35;1255.0
2018-06-13 19:21:36;1260.0
2018-06-13 19:21:36;1265.0
2018-06-13 19:21:37;1270.0
2018-06-13 19:21:37;1275.0
2018-06-13 19:21:38;1280.0
2018-06-13 19:21:38;1285.0
2018-06-13 19:21:39;1290.0
2018-06-13 19:21:39;1295.0
2018-06-13 19:21:40;1300.0
2018-06-13 19:21:40;1305.0
2018-06-13 19:21:41;1310.0
2018-06-13 19:21:41;1315.0
2018-06-13 19:21:42;1320.0
2018-06-13 19:21:42;1325.0
2018-06-13 19:21:43;1330.0
2018-06-13 19:21:43;1335.0
2018-06-13 19:21:44;1340.0
2018-06-13 19:21:44;1345.0
2018-06-13 19:21:45;1350.0
2018-06-13 19:21:45;1355.0
2018-06-13 19:21:46;1360.0
2018-06-13 19:21:46;1365.0
2018-06-13 19:21:47;1370.0
2018-06-13 19:21:47;1375.0
2018-06-13 19:21:48;1380.0
2018-06-13 19:21:48;1385.0
2018-06-13 19:21:49;1390.0
2018-06-13 19:21:49;1395.0
2018-06-13 19:21:50;1400.0
2018-06-13 19:21:51;1405.0
2018-06-13 19:21:51;1410.0
2018-06-13 19:21:52;1415.0
2018-06-13 19:21:52;1420.0
2018-06-13 19:21:53;1425.0
2018-06-13 19:21:53;1430.0
2018-06-13 19:21:54;1435.0
2018-06-13 19:21:54;1440.0
2018-06-13 19:21:55;1445.0
2018-06-13 19:21:55;1450.0
2018-06-13 19:21:56;1455.0
2018-06-13 19:21:56;1460.0
2018-06-13 19:21:57;1465.0
2018-06-13 19:21:57;1470.0
2018-06-13 19:21:58;1475.0
2018-06-13 19:21:58;1480.0
2018-06-13 19:21:59;1485.0
2018-06-13 19:21:59;1490.0
2018-06-13 19:22:00;1495.0
2018-06-13 19:22:00;1500.0
2018-06-13 19:22:01;1505.0
2018-06-13 19:22:01;1510.0
2018-06-13 19:22:02;1515.0
2018-06-13 19:22:02;1520.0
2018-06-13 19:22:03;1525.0
2018-06-13 19:22:03;1530.0
2018-06-13 19:22:04;1535.0
2018-06-13 19:22:04;1540.0
2018-06-13 19:22:05;1545.0
2018-06-13 19:22:06;1550.0
2018-06-13 19:22:06;1555.0
2018-06-13 19:22:07;1560.0
2018-06-13 19:22:07;1565.0
2018-06-13 19:22:08;1570.0
2018-06-13 19:22:08;1575.0
2018-06-13 19:22:09;1580.0
2018-06-13 19:22:09;1585.0
2018-06-13 19:22:10;1590.0
2018-06-13 19:22:10;1595.0
2018-06-13 19:22:11;1600.0
2018-06-13 19:22:11;1605.0
2018-06-13 19:22:12;1610.0
2018-06-13 19:22:12;1615.0
2018-06-13 19:22:13;1620.0
2018-06-13 19:22:13;1625.0
2018-06-13 19:22:14;1630.0
2018-06-13 19:22:14;1635.0
2018-06-13 19:22:15;1640.0
2018-06-13 19:22:15;1645.0
2018-06-13 19:22:16;1650.0
2018-06-13 19:22:16;1655.0
2018-06-13 19:22:17;1660.0
2018-06-13 19:22:17;1665.0
2018-06-13 19:22:18;1670.0
2018-06-13 19:22:18;1675.0
2018-06-13 19:22:19;1680.0
2018-06-13 19:22:19;1685.0
2018-06-13 19:22:20;1690.0
2018-06-13 19:22:20;1695.0
2018-06-13 19:22:21;1700.0
2018-06-13 19:22:22;1705.0
2018-06-13 19:22:22;1710.0
2018-06-13 19:22:23;1715.0
2018-06-13 19:22:23;1720.0
2018-06-13 19:22:24;1725.0
2018-06-13 19:22:24;1730.0
2018-06-13 19:22:25;1735.0
2018-06-13 19:22:25;1740.0
2018-06-13 19:22:26;1745.0
2018-06-13 19:22:26;1750.0
2018-06-13 19:22:27;1755.0
2018-06-13 19:22:27;1760.0
2018-06-13 19:22:28;1765.0
2018-06-13 19:22:28;1770.0
2018-06-13 19:22:29;1775.0
2018-06-13 19:22:29;1780.0
2018-06-13 19:22:30;1785.0
2018-06-13 19:22:30;1790.0
2018-06-13 19:22:31;1795.0
2018-06-13 19:22:31;1800.0
2018-06-13 19:22:32;1805.0
2018-06-13 19:22:32;1810.0
2018-06-13 19:22:33;1815.0
2018-06-13 19:22:33;1820.0
2018-06-13 19:22:34;1825.0
2018-06-13 19:22:34;1830.0
2018-06-13 19:22:35;1835.0
2018-06-13 19:22:35;1840.0
2018-06-13 19:22:36;1845.0
2018-06-13 19:22:36;1850.0
2018-06-13 19:22:37;1855.0
2018-06-13 19:22:38;1860.0
2018-06-13 19:22:38;1865.0
2018-06-13 19:22:39;1870.0
2018-06-13 19:22:39;1875.0
2018-06-13 19:22:40;1880.0
2018-06-13 19:22:40;1885.0
2018-06-13 19:22:41;1890.0
2018-06-13 19:22:41;1895.0
2018-06-13 19:22:42;1900.0
2018-06-13 19:22:42;1905.0
2018-06-13 19:22:43;1910.0
2018-06-13 19:22:43;1915.0
2018-06-13 19:22:44;1920.0
2018-06-13 19:22:44;1925.0
2018-06-13 19:22:45;1930.0
2018-06-13 19:22:45;1935.0
2018-06-13 19:22:46;1940.0
2018-06-13 19:22:46;1945.0
2018-06-13 19:22:47;1950.0
2018-06-13 19:22:47;1955.0
2018-06-13 19:22:48;1960.0
2018-06-13 19:22:48;1965.0
2018-06-13 19:22:49;1970.0
2018-06-13 19:22:49;1975.0
2018-06-13 19:22:50;1980.0
2018-06-13 19:22:50;1985.0
2018-06-13 19:22:51;1990.0
2018-06-13 19:22:51;1995.0
2018-06-13 19:22:52;2000.0
2018-06-13 19:22:52;2005.0
2018-06-13 19:22:53;2010.0
2018-06-13 19:22:53;2015.0
2018-06-13 19:22:54;2020.0
2018-06-13 19:22:54;2025.0
2018-06-13 19:22:55;2030.0
2018-06-13 19:22:55;2035.0
2018-06-13 19:22:56;2040.0
2018-06-13 19:22:56;2045.0
2018-06-13 19:22:57;2050.0
2018-06-13 19:22:57;2055.0
2018-06-13 19:22:58;2060.0
2018-06-13 19:22:58;2065.0
2018-06-13 19:22:59;2070.0
2018-06-13 19:22:59;2075.0
2018-06-13 19:23:00;2080.0
2018-06-13 19:23:01;2085.0
2018-06-13 19:23:01;2090.0
2018-06-13 19:23:02;2095.0
2018-06-13 19:23:02;2100.0
2018-06-13 19:23:03;2105.0
2018-06-13 19:23:03;2110.0
2018-06-13 19:23:04;2115.0
2018-06-13 19:23:04;2120.0
2018-06-13 19:23:05;2125.0
2018-06-13 19:23:05;2130.0
2018-06-13 19:23:06;2135.0
2018-06-13 19:23:06;2140.0
2018-06-13 19:23:07;2145.0
2018-06-13 19:23:07;2150.0
2018-06-13 19:23:08;2155.0
2018-06-13 19:23:08;2160.0
2018-06-13 19:23:09;2165.0
2018-06-13 19:23:09;2170.0
2018-06-13 19:23:10;2175.0
2018-06-13 19:23:10;2180.0
2018-06-13 19:23:11;2185.0
2018-06-13 19:23:11;2190.0
2018-06-13 19:23:12;2195.0
2018-06-13 19:23:12;2200.0
2018-06-13 19:23:13;2205.0
2018-06-13 19:23:13;2210.0
2018-06-13 19:23:14;2215.0
2018-06-13 19:23:14;2220.0
2018-06-13 19:23:15;2225.0
2018-06-13 19:23:15;2230.0
2018-06-13 19:23:16;2235.0
2018-06-13 19:23:16;2240.0
2018-06-13 19:23:17;2245.0
2018-06-13 19:23:18;2250.0
2018-06-13 19:23:18;2255.0
2018-06-13 19:23:19;2260.0
2018-06-13 19:23:19;2265.0
2018-06-13 19:23:20;2270.0
2018-06-13 19:23:20;2275.0
2018-06-13 19:23:21;2280.0
2018-06-13 19:23:21;2285.0
2018-06-13 19:23:22;2290.0
2018-06-13 19:23:22;2295.0
2018-06-13 19:23:23;2300.0
2018-06-13 19:23:23;2305.0
2018-06-13 19:23:24;2310.0
2018-06-13 19:23:24;2315.0
2018-06-13 19:23:25;2320.0
2018-06-13 19:23:25;2325.0
2018-06-13 19:23:26;2330.0
2018-06-13 19:23:26;2335.0
2018-06-13 19:23:27;2340.0
2018-06-13 19:23:27;2345.0
2018-06-13 19:23:28;2350.0
2018-06-13 19:23:28;2355.0
2018-06-13 19:23:29;2360.0
2018-06-13 19:23:29;2365.0
2018-06-13 19:23:30;2370.0
2018-06-13 19:23:30;2375.0
2018-06-13 19:23:31;2380.0
2018-06-13 19:23:31;2385.0
2018-06-13 19:23:32;2390.0
2018-06-13 19:23:32;2395.0
2018-06-13 19:23:33;2400.0
2018-06-13 19:23:33;2405.0
2018-06-13 19:23:34;2410.0
2018-06-13 19:23:35;2415.0
2018-06-13 19:23:35;2420.0
2018-06-13 19:23:36;2425.0
2018-06-13 19:23:36;2430.0
2018-06-13 19:23:37;2435.0
2018-06-13 19:23:37;2440.0
2018-06-13 19:23:38;2445.0
2018-06-13 19:23:38;2450.0
2018-06-13 19:23:39;2455.0
2018-06-13 19:23:39;2460.0
2018-06-13 19:23:40;2465.0
2018-06-13 19:23:40;2470.0
2018-06-13 19:23:41;2475.0
2018-06-13 19:23:41;2480.0
2018-06-13 19:23:42;2485.0
2018-06-13 19:23:42;2490.0
2018-06-13 19:23:43;2495.0
2018-06-13 19:23:43;2500.0
2018-06-13 19:23:44;2505.0
2018-06-13 19:23:44;2510.0
2018-06-13 19:23:45;2515.0
2018-06-13 19:23:45;2520.0
2018-06-13 19:23:46;2525.0
2018-06-13 19:23:46;2530.0
2018-06-13 19:23:47;2535.0
2018-06-13 19:23:47;2540.0
2018-06-13 19:23:48;2545.0
2018-06-13 19:23:48;2550.0
2018-06-13 19:23:49;2555.0
2018-06-13 19:23:49;2560.0
2018-06-13 19:23:50;2565.0
2018-06-13 19:23:51;2570.0
2018-06-13 19:23:51;2575.0
2018-06-13 19:23:52;2580.0
2018-06-13 19:23:52;2585.0
2018-06-13 19:23:53;2590.0
2018-06-13 19:23:53;2595.0
2018-06-13 19:23:54;2600.0
2018-06-13 19:23:54;2605.0
2018-06-13 19:23:55;2610.0
2018-06-13 19:23:55;2615.0
2018-06-13 19:23:56;2620.0
2018-06-13 19:23:56;2625.0
2018-06-13 19:23:57;2630.0
2018-06-13 19:23:57;2635.0
2018-06-13 19:23:58;2640.0
2018-06-13 19:23:58;2645.0
2018-06-13 19:23:59;2650.0
2018-06-13 19:23:59;2655.0
2018-06-13 19:24:00;2660.0
2018-06-13 19:24:00;2665.0
2018-06-13 19:24:01;2670.0
2018-06-13 19:24:01;2675.0
2018-06-13 19:24:02;2680.0
2018-06-13 19:24:02;2685.0
2018-06-13 19:24:03;2690.0
2018-06-13 19:24:03;2695.0
2018-06-13 19:24:04;2700.0
2018-06-13 19:24:04;2705.0
2018-06-13 19:24:05;2710.0
2018-06-13 19:24:05;2715.0
2018-06-13 19:24:06;2720.0
2018-06-13 19:24:07;2725.0
2018-06-13 19:24:07;2730.0
2018-06-13 19:24:08;2735.0
2018-06-13 19:24:08;2740.0
2018-06-13 19:24:09;2745.0
2018-06-13 19:24:09;2750.0
2018-06-13 19:24:10;2755.0
2018-06-13 19:24:10;2760.0
2018-06-13 19:24:11;2765.0
2018-06-13 19:24:11;2770.0
2018-06-13 19:24:12;2775.0
2018-06-13 19:24:12;2780.0
2018-06-13 19:24:13;2785.0
2018-06-13 19:24:13;2790.0
2018-06-13 19:24:14;2795.0
2018-06-13 19:24:14;2800.0
2018-06-13 19:24:15;2805.0
2018-06-13 19:24:15;2810.0
2018-06-13 19:24:16;2815.0
2018-06-13 19:24:16;2820.0
2018-06-13 19:24:17;2825.0
2018-06-13 19:24:17;2830.0
2018-06-13 19:24:18;2835.0
2018-06-13 19:24:18;2840.0
2018-06-13 19:24:19;2845.0
2018-06-13 19:24:19;2850.0
2018-06-13 19:24:20;2855.0
2018-06-13 19:24:20;2860.0
2018-06-13 19:24:21;2865.0
2018-06-13 19:24:21;2870.0
2018-06-13 19:24:22;2875.0
2018-06-13 19:24:22;2880.0
2018-06-13 19:24:23;2885.0
2018-06-13 19:24:23;2890.0
2018-06-13 19:24:24;2895.0
2018-06-13 19:24:25;2900.0
2018-06-13 19:24:25;2905.0
2018-06-13 19:24:26;2910.0
2018-06-13 19:24:26;2915.0
2018-06-13 19:24:27;2920.0
2018-06-13 19:24:27;2925.0
2018-06-13 19:24:28;2930.0
2018-06-13 19:24:28;2935.0
2018-06-13 19:24:29;2940.0
2018-06-13 19:24:29;2945.0
2018-06-13 19:24:30;2950.0
2018-06-13 19:24:30;2955.0
2018-06-13 19:24:31;2960.0
2018-06-13 19:24:31;2965.0
2018-06-13 19:24:32;2970.0
2018-06-13 19:24:32;2975.0
2018-06-13 19:24:33;2980.0
2018-06-13 19:24:33;2985.0
2018-06-13 19:24:34;2990.0
2018-06-13 19:24:34;2995.0
2018-06-13 19:24:35;3000.0
2018-06-13 19:24:35;3005.0
2018-06-13 19:24:36;3010.0
2018-06-13 19:24:36;3015.0
2018-06-13 19:24:37;3020.0
2018-06-13 19:24:37;3025.0
2018-06-13 19:24:38;3030.0
2018-06-13 19:24:38;3035.0
2018-06-13 19:24:39;3040.0
2018-06-13 19:24:40;3045.0
2018-06-13 19:24:40;3050.0
2018-06-13 19:24:41;3055.0
2018-06-13 19:24:41;3060.0
2018-06-13 19:24:42;3065.0
2018-06-13 19:24:42;3070.0
2018-06-13 19:24:43;3075.0
2018-06-13 19:24:43;3080.0
2018-06-13 19:24:44;3085.0
2018-06-13 19:24:44;3090.0
2018-06-13 19:24:45;3095.0
2018-06-13 19:24:45;3100.0
2018-06-13 19:24:46;3105.0
2018-06-13 19:24:46;3110.0
2018-06-13 19:24:47;3115.0
2018-06-13 19:24:47;3120.0
2018-06-13 19:24:48;3125.0
2018-06-13 19:24:48;3130.0
2018-06-13 19:24:49;3135.0
2018-06-13 19:24:49;3140.0
2018-06-13 19:24:50;3145.0
2018-06-13 19:24:50;3150.0
2018-06-13 19:24:51;3155.0
2018-06-13 19:24:51;3160.0
2018-06-13 19:24:52;3165.0
2018-06-13 19:24:52;3170.0
2018-06-13 19:24:53;3175.0
2018-06-13 19:24:53;3180.0
2018-06-13 19:24:54;3185.0
2018-06-13 19:24:54;3190.0
2018-06-13 19:24:55;3195.0
2018-06-13 19:24:55;3200.0
2018-06-13 19:24:56;3205.0
2018-06-13 19:24:56;3210.0
2018-06-13 19:24:57;3215.0
2018-06-13 19:24:57;3220.0
2018-06-13 19:24:58;3225.0
2018-06-13 19:24:58;3230.0
2018-06-13 19:24:59;3235.0
2018-06-13 19:24:59;3240.0
2018-06-13 19:25:00;3245.0
2018-06-13 19:25:00;3250.0
2018-06-13 19:25:01;3255.0
2018-06-13 19:25:01;3260.0
2018-06-13 19:25:02;3265.0
2018-06-13 19:25:02;3270.0
2018-06-13 19:25:03;3275.0
2018-06-13 19:25:03;3280.0
2018-06-13 19:25:04;3285.0
2018-06-13 19:25:04;3290.0
2018-06-13 19:25:05;3295.0
2018-06-13 19:25:05;3300.0
2018-06-13 19:25:06;3305.0
2018-06-13 19:25:06;3310.0
2018-06-13 19:25:07;3315.0
2018-06-13 19:25:07;3320.0
2018-06-13 19:25:08;3325.0
2018-06-13 19:25:08;3330.0
2018-06-13 19:25:09;3335.0
2018-06-13 19:25:09;3340.0
2018-06-13 19:25:10;3345.0
2018-06-13 19:25:10;3350.0
2018-06-13 19:25:11;3355.0
2018-06-13 19:25:11;3360.0
2018-06-13 19:25:12;3365.0
2018-06-13 19:25:13;3370.0
2018-06-13 19:25:13;3375.0
2018-06-13 19:25:14;3380.0
2018-06-13 19:25:14;3385.0
2018-06-13 19:25:15;3390.0
2018-06-13 19:25:15;3395.0
2018-06-13 19:25:16;3400.0
2018-06-13 19:25:16;3405.0
2018-06-13 19:25:17;3410.0
2018-06-13 19:25:17;3415.0
2018-06-13 19:25:18;3420.0
2018-06-13 19:25:18;3425.0
2018-06-13 19:25:19;3430.0
2018-06-13 19:25:19;3435.0
2018-06-13 19:25:20;3440.0
2018-06-13 19:25:20;3445.0
2018-06-13 19:25:21;3450.0
2018-06-13 19:25:21;3455.0
2018-06-13 19:25:22;3460.0
2018-06-13 19:25:22;3465.0
2018-06-13 19:25:23;3470.0
2018-06-13 19:25:23;3475.0
2018-06-13 19:25:24;3480.0
2018-06-13 19:25:24;3485.0
2018-06-13 19:25:25;3490.0
2018-06-13 19:25:25;3495.0
2018-06-13 19:25:26;3500.0
2018-06-13 19:25:26;3505.0
2018-06-13 19:25:27;3510.0
2018-06-13 19:25:27;3515.0
2018-06-13 19:25:28;3520.0
2018-06-13 19:25:29;3525.0
2018-06-13 19:25:29;3530.0
2018-06-13 19:25:30;3535.0
2018-06-13 19:25:30;3540.0
2018-06-13 19:25:31;3545.0
2018-06-13 19:25:31;3550.0
2018-06-13 19:25:32;3555.0
2018-06-13 19:25:32;3560.0
2018-06-13 19:25:33;3565.0
2018-06-13 19:25:33;3570.0
2018-06-13 19:25:34;3575.0
2018-06-13 19:25:34;3580.0
2018-06-13 19:25:35;3585.0
2018-06-13 19:25:35;3590.0
2018-06-13 19:25:36;3595.0
2018-06-13 19:25:36;3600.0
2018-06-13 19:25:37;3605.0
2018-06-13 19:25:37;3610.0
2018-06-13 19:25:38;3615.0
2018-06-13 19:25:38;3620.0
2018-06-13 19:25:39;3625.0
2018-06-13 19:25:39;3630.0
2018-06-13 19:25:40;3635.0
2018-06-13 19:25:40;3640.0
2018-06-13 19:25:41;3645.0
2018-06-13 19:25:41;3650.0
2018-06-13 19:25:42;3655.0
2018-06-13 19:25:42;3660.0
2018-06-13 19:25:43;3665.0
2018-06-13 19:25:43;3670.0
2018-06-13 19:25:44;3675.0
2018-06-13 19:25:44;3680.0
2018-06-13 19:25:45;3685.0
2018-06-13 19:25:45;3690.0
2018-06-13 19:25:46;3695.0
2018-06-13 19:25:46;3700.0
2018-06-13 19:25:47;3705.0
2018-06-13 19:25:47;3710.0
2018-06-13 19:25:48;3715.0
2018-06-13 19:25:48;3720.0
2018-06-13 19:25:49;3725.0
2018-06-13 19:25:49;3730.0
2018-06-13 19:25:50;3735.0
2018-06-13 19:25:50;3740.0
2018-06-13 19:25:51;3745.0
2018-06-13 19:25:51;3750.0
2018-06-13 19:25:52;3755.0
2018-06-13 19:25:52;3760.0
2018-06-13 19:25:53;3765.0
2018-06-13 19:25:53;3770.0
2018-06-13 19:25:54;3775.0
2018-06-13 19:25:54;3780.0
2018-06-13 19:25:55;3785.0
2018-06-13 19:25:55;3790.0
2018-06-13 19:25:56;3795.0
2018-06-13 19:25:56;3800.0
2018-06-13 19:25:57;3805.0
2018-06-13 19:25:57;3810.0
2018-06-13 19:25:58;3815.0
2018-06-13 19:25:58;3820.0
2018-06-13 19:25:59;3825.0
2018-06-13 19:25:59;3830.0
2018-06-13 19:26:00;3835.0
2018-06-13 19:26:00;3840.0
2018-06-13 19:26:01;3845.0
2018-06-13 19:26:02;3850.0
2018-06-13 19:26:02;3855.0
2018-06-13 19:26:03;3860.0
2018-06-13 19:26:03;3865.0
2018-06-13 19:26:04;3870.0
2018-06-13 19:26:04;3875.0
2018-06-13 19:26:05;3880.0
2018-06-13 19:26:05;3885.0
2018-06-13 19:26:06;3890.0
2018-06-13 19:26:06;3895.0
2018-06-13 19:26:07;3900.0
2018-06-13 19:26:07;3905.0
2018-06-13 19:26:08;3910.0
2018-06-13 19:26:08;3915.0
2018-06-13 19:26:09;3920.0
2018-06-13 19:26:09;3925.0
2018-06-13 19:26:10;3930.0
2018-06-13 19:26:10;3935.0
2018-06-13 19:26:11;3940.0
2018-06-13 19:26:11;3945.0
2018-06-13 19:26:12;3950.0
2018-06-13 19:26:12;3955.0
2018-06-13 19:26:13;3960.0
2018-06-13 19:26:13;3965.0
2018-06-13 19:26:14;3970.0
2018-06-13 19:26:14;3975.0
2018-06-13 19:26:15;3980.0
2018-06-13 19:26:15;3985.0
2018-06-13 19:26:16;3990.0
2018-06-13 19:26:16;3995.0
2018-06-13 19:26:17;4000.0
2018-06-13 19:26:18;4005.0
2018-06-13 19:26:18;4010.0
2018-06-13 19:26:19;4015.0
2018-06-13 19:26:19;4020.0
2018-06-13 19:26:20;4025.0
2018-06-13 19:26:20;4030.0
2018-06-13 19:26:21;4035.0
2018-06-13 19:26:21;4040.0
2018-06-13 19:26:22;4045.0
2018-06-13 19:26:22;4050.0
2018-06-13 19:26:23;4055.0
2018-06-13 19:26:23;4060.0
2018-06-13 19:26:24;4065.0
2018-06-13 19:26:24;4070.0
2018-06-13 19:26:25;4075.0
2018-06-13 19:26:25;4080.0
2018-06-13 19:26:26;4085.0
2018-06-13 19:26:26;4090.0
2018-06-13 19:26:27;4095.0
2018-06-13 19:26:27;4100.0
2018-06-13 19:26:28;4105.0
2018-06-13 19:26:28;4110.0
2018-06-13 19:26:29;4115.0
2018-06-13 19:26:29;4120.0
2018-06-13 19:26:30;4125.0
2018-06-13 19:26:30;4130.0
2018-06-13 19:26:31;4135.0
2018-06-13 19:26:31;4140.0
2018-06-13 19:26:32;4145.0
2018-06-13 19:26:32;4150.0
2018-06-13 19:26:33;4155.0
2018-06-13 19:26:33;4160.0
2018-06-13 19:26:34;4165.0
2018-06-13 19:26:35;4170.0
2018-06-13 19:26:35;4175.0
2018-06-13 19:26:36;4180.0
2018-06-13 19:26:36;4185.0
2018-06-13 19:26:37;4190.0
2018-06-13 19:26:37;4195.0
2018-06-13 19:26:38;4200.0
2018-06-13 19:26:38;4205.0
2018-06-13 19:26:39;4210.0
2018-06-13 19:26:39;4215.0
2018-06-13 19:26:40;4220.0
2018-06-13 19:26:40;4225.0
2018-06-13 19:26:41;4230.0
2018-06-13 19:26:41;4235.0
2018-06-13 19:26:42;4240.0
2018-06-13 19:26:42;4245.0
2018-06-13 19:26:43;4250.0
2018-06-13 19:26:43;4255.0
2018-06-13 19:26:44;4260.0
2018-06-13 19:26:44;4265.0
2018-06-13 19:26:45;4270.0
2018-06-13 19:26:45;4275.0
2018-06-13 19:26:46;4280.0
2018-06-13 19:26:46;4285.0
2018-06-13 19:26:47;4290.0
2018-06-13 19:26:47;4295.0
2018-06-13 19:26:48;4300.0
2018-06-13 19:26:48;4305.0
2018-06-13 19:26:49;4310.0
2018-06-13 19:26:49;4315.0
2018-06-13 19:26:50;4320.0
2018-06-13 19:26:51;4325.0
2018-06-13 19:26:51;4330.0
2018-06-13 19:26:52;4335.0
2018-06-13 19:26:52;4340.0
2018-06-13 19:26:53;4345.0
2018-06-13 19:26:53;4350.0
2018-06-13 19:26:54;4355.0
2018-06-13 19:26:54;4360.0
2018-06-13 19:26:55;4365.0
2018-06-13 19:26:55;4370.0
2018-06-13 19:26:56;4375.0
2018-06-13 19:26:56;4380.0
2018-06-13 19:26:57;4385.0
2018-06-13 19:26:57;4390.0
2018-06-13 19:26:58;4395.0
2018-06-13 19:26:58;4400.0
2018-06-13 19:26:59;4405.0
2018-06-13 19:26:59;4410.0
2018-06-13 19:27:00;4415.0
2018-06-13 19:27:00;4420.0
2018-06-13 19:27:01;4425.0
2018-06-13 19:27:01;4430.0
2018-06-13 19:27:02;4435.0
2018-06-13 19:27:02;4440.0
2018-06-13 19:27:03;4445.0
2018-06-13 19:27:03;4450.0
2018-06-13 19:27:04;4455.0
2018-06-13 19:27:04;4460.0
2018-06-13 19:27:05;4465.0
2018-06-13 19:27:05;4470.0
2018-06-13 19:27:06;4475.0
2018-06-13 19:27:07;4480.0
2018-06-13 19:27:07;4485.0
2018-06-13 19:27:08;4490.0
2018-06-13 19:27:08;4495.0
2018-06-13 19:27:09;4500.0
2018-06-13 19:27:09;4505.0
2018-06-13 19:27:10;4510.0
2018-06-13 19:27:10;4515.0
2018-06-13 19:27:11;4520.0
2018-06-13 19:27:11;4525.0
2018-06-13 19:27:12;4530.0
2018-06-13 19:27:12;4535.0
2018-06-13 19:27:13;4540.0
2018-06-13 19:27:13;4545.0
2018-06-13 19:27:14;4550.0
2018-06-13 19:27:14;4555.0
2018-06-13 19:27:15;4560.0
2018-06-13 19:27:15;4565.0
2018-06-13 19:27:16;4570.0
2018-06-13 19:27:16;4575.0
2018-06-13 19:27:17;4580.0
2018-06-13 19:27:17;4585.0
2018-06-13 19:27:18;4590.0
2018-06-13 19:27:18;4595.0
2018-06-13 19:27:19;4600.0
2018-06-13 19:27:19;4605.0
2018-06-13 19:27:20;4610.0
2018-06-13 19:27:20;4615.0
2018-06-13 19:27:21;4620.0
2018-06-13 19:27:21;4625.0
2018-06-13 19:27:22;4630.0
2018-06-13 19:27:23;4635.0
2018-06-13 19:27:23;4640.0
2018-06-13 19:27:24;4645.0
2018-06-13 19:27:24;4650.0
2018-06-13 19:27:25;4655.0
2018-06-13 19:27:25;4660.0
2018-06-13 19:27:26;4665.0
2018-06-13 19:27:26;4670.0
2018-06-13 19:27:27;4675.0
2018-06-13 19:27:27;4680.0
2018-06-13 19:27:28;4685.0
2018-06-13 19:27:28;4690.0
2018-06-13 19:27:29;4695.0
2018-06-13 19:27:29;4700.0
2018-06-13 19:27:30;4705.0
2018-06-13 19:27:30;4710.0
2018-06-13 19:27:31;4715.0
2018-06-13 19:27:31;4720.0
2018-06-13 19:27:32;4725.0
2018-06-13 19:27:32;4730.0
2018-06-13 19:27:33;4735.0
2018-06-13 19:27:33;4740.0
2018-06-13 19:27:34;4745.0
2018-06-13 19:27:34;4750.0
2018-06-13 19:27:35;4755.0
2018-06-13 19:27:35;4760.0
2018-06-13 19:27:36;4765.0
2018-06-13 19:27:36;4770.0
2018-06-13 19:27:37;4775.0
2018-06-13 19:27:37;4780.0
2018-06-13 19:27:38;4785.0
2018-06-13 19:27:39;4790.0
2018-06-13 19:27:39;4795.0
2018-06-13 19:27:40;4800.0
2018-06-13 19:27:40;4805.0
2018-06-13 19:27:41;4810.0
2018-06-13 19:27:41;4815.0
2018-06-13 19:27:42;4820.0
2018-06-13 19:27:42;4825.0
2018-06-13 19:27:43;4830.0
2018-06-13 19:27:43;4835.0
2018-06-13 19:27:44;4840.0
2018-06-13 19:27:44;4845.0
2018-06-13 19:27:45;4850.0
2018-06-13 19:27:45;4855.0
2018-06-13 19:27:46;4860.0
2018-06-13 19:27:46;4865.0
2018-06-13 19:27:47;4870.0
2018-06-13 19:27:47;4875.0
2018-06-13 19:27:48;4880.0
2018-06-13 19:27:48;4885.0
2018-06-13 19:27:49;4890.0
2018-06-13 19:27:49;4895.0
2018-06-13 19:27:50;4900.0
2018-06-13 19:27:50;4905.0
2018-06-13 19:27:51;4910.0
2018-06-13 19:27:51;4915.0
2018-06-13 19:27:52;4920.0
2018-06-13 19:27:52;4925.0
2018-06-13 19:27:53;4930.0
2018-06-13 19:27:53;4935.0
2018-06-13 19:27:54;4940.0
2018-06-13 19:27:55;4945.0
2018-06-13 19:27:55;4950.0
2018-06-13 19:27:56;4955.0
2018-06-13 19:27:56;4960.0
2018-06-13 19:27:57;4965.0
2018-06-13 19:27:57;4970.0
2018-06-13 19:27:58;4975.0
2018-06-13 19:27:58;4980.0
2018-06-13 19:27:59;4985.0
2018-06-13 19:27:59;4990.0
2018-06-13 19:28:00;4995.0
2018-06-13 19:28:00;5000.0
2018-06-13 19:28:01;5005.0
2018-06-13 19:28:01;5010.0
2018-06-13 19:28:02;5015.0
2018-06-13 19:28:02;5020.0
2018-06-13 19:28:03;5025.0
2018-06-13 19:28:03;5030.0
2018-06-13 19:28:04;5035.0
2018-06-13 19:28:04;5040.0
2018-06-13 19:28:05;5045.0
2018-06-13 19:28:05;5050.0
2018-06-13 19:28:06;5055.0
2018-06-13 19:28:06;5060.0
2018-06-13 19:28:07;5065.0
2018-06-13 19:28:07;5070.0
2018-06-13 19:28:08;5075.0
2018-06-13 19:28:08;5080.0
2018-06-13 19:28:09;5085.0
2018-06-13 19:28:09;5090.0
2018-06-13 19:28:10;5095.0
2018-06-13 19:28:11;5100.0
2018-06-13 19:28:11;5105.0
2018-06-13 19:28:12;5110.0
2018-06-13 19:28:12;5115.0
2018-06-13 19:28:13;5120.0
2018-06-13 19:28:13;5125.0
2018-06-13 19:28:14;5130.0
2018-06-13 19:28:14;5135.0
2018-06-13 19:28:15;5140.0
2018-06-13 19:28:15;5145.0
2018-06-13 19:28:16;5150.0
2018-06-13 19:28:16;5155.0
2018-06-13 19:28:17;5160.0
2018-06-13 19:28:17;5165.0
2018-06-13 19:28:18;5170.0
2018-06-13 19:28:18;5175.0
2018-06-13 19:28:19;5180.0
2018-06-13 19:28:19;5185.0
2018-06-13 19:28:20;5190.0
2018-06-13 19:28:20;5195.0
2018-06-13 19:28:21;5200.0
2018-06-13 19:28:21;5205.0
2018-06-13 19:28:22;5210.0
2018-06-13 19:28:22;5215.0
2018-06-13 19:28:23;5220.0
2018-06-13 19:28:23;5225.0
2018-06-13 19:28:24;5230.0
2018-06-13 19:28:24;5235.0
2018-06-13 19:28:25;5240.0
2018-06-13 19:28:26;5245.0
2018-06-13 19:28:26;5250.0
2018-06-13 19:28:27;5255.0
2018-06-13 19:28:27;5260.0
2018-06-13 19:28:28;5265.0
2018-06-13 19:28:28;5270.0
2018-06-13 19:28:29;5275.0
2018-06-13 19:28:29;5280.0
2018-06-13 19:28:30;5285.0
2018-06-13 19:28:30;5290.0
2018-06-13 19:28:31;5295.0
2018-06-13 19:28:31;5300.0
2018-06-13 19:28:32;5305.0
2018-06-13 19:28:32;5310.0
2018-06-13 19:28:33;5315.0
2018-06-13 19:28:33;5320.0
2018-06-13 19:28:34;5325.0
2018-06-13 19:28:34;5330.0
2018-06-13 19:28:35;5335.0
2018-06-13 19:28:35;5340.0
2018-06-13 19:28:36;5345.0
2018-06-13 19:28:36;5350.0
2018-06-13 19:28:37;5355.0
2018-06-13 19:28:37;5360.0
2018-06-13 19:28:38;5365.0
2018-06-13 19:28:38;5370.0
2018-06-13 19:28:39;5375.0
2018-06-13 19:28:39;5380.0
2018-06-13 19:28:40;5385.0
2018-06-13 19:28:40;5390.0
2018-06-13 19:28:41;5395.0
2018-06-13 19:28:41;5400.0
2018-06-13 19:28:42;5405.0
2018-06-13 19:28:42;5410.0
2018-06-13 19:28:43;5415.0
2018-06-13 19:28:43;5420.0
2018-06-13 19:28:44;5425.0
2018-06-13 19:28:44;5430.0
2018-06-13 19:28:45;5435.0
2018-06-13 19:28:46;5440.0
2018-06-13 19:28:46;5445.0
2018-06-13 19:28:47;5450.0
2018-06-13 19:28:47;5455.0
2018-06-13 19:28:48;5460.0
2018-06-13 19:28:48;5465.0
2018-06-13 19:28:49;5470.0
2018-06-13 19:28:49;5475.0
2018-06-13 19:28:50;5480.0
2018-06-13 19:28:50;5485.0
2018-06-13 19:28:51;5490.0
2018-06-13 19:28:51;5495.0
2018-06-13 19:28:52;5500.0
2018-06-13 19:28:52;5505.0
2018-06-13 19:28:53;5510.0
2018-06-13 19:28:53;5515.0
2018-06-13 19:28:54;5520.0
2018-06-13 19:28:54;5525.0
2018-06-13 19:28:55;5530.0
2018-06-13 19:28:55;5535.0
2018-06-13 19:28:56;5540.0
2018-06-13 19:28:56;5545.0
2018-06-13 19:28:57;5550.0
2018-06-13 19:28:57;5555.0
2018-06-13 19:28:58;5560.0
2018-06-13 19:28:58;5565.0
2018-06-13 19:28:59;5570.0
2018-06-13 19:28:59;5575.0
2018-06-13 19:29:00;5580.0
2018-06-13 19:29:00;5585.0
2018-06-13 19:29:01;5590.0
2018-06-13 19:29:02;5595.0
2018-06-13 19:29:02;5600.0
2018-06-13 19:29:03;5605.0
2018-06-13 19:29:03;5610.0
2018-06-13 19:29:04;5615.0
2018-06-13 19:29:04;5620.0
2018-06-13 19:29:05;5625.0
2018-06-13 19:29:05;5630.0
2018-06-13 19:29:06;5635.0
2018-06-13 19:29:06;5640.0
2018-06-13 19:29:07;5645.0
2018-06-13 19:29:07;5650.0
2018-06-13 19:29:08;5655.0
2018-06-13 19:29:08;5660.0
2018-06-13 19:29:09;5665.0
2018-06-13 19:29:09;5670.0
2018-06-13 19:29:10;5675.0
2018-06-13 19:29:10;5680.0
2018-06-13 19:29:11;5685.0
2018-06-13 19:29:11;5690.0
2018-06-13 19:29:12;5695.0
2018-06-13 19:29:12;5700.0
2018-06-13 19:29:13;5705.0
2018-06-13 19:29:13;5710.0
2018-06-13 19:29:14;5715.0
2018-06-13 19:29:14;5720.0
2018-06-13 19:29:15;5725.0
2018-06-13 19:29:15;5730.0
2018-06-13 19:29:16;5735.0
2018-06-13 19:29:16;5740.0
2018-06-13 19:29:17;5745.0
2018-06-13 19:29:18;5750.0
2018-06-13 19:29:18;5755.0
2018-06-13 19:29:19;5760.0
2018-06-13 19:29:19;5765.0
2018-06-13 19:29:20;5770.0
2018-06-13 19:29:20;5775.0
2018-06-13 19:29:21;5780.0
2018-06-13 19:29:21;5785.0
2018-06-13 19:29:22;5790.0
2018-06-13 19:29:22;5795.0
2018-06-13 19:29:23;5800.0
2018-06-13 19:29:23;5805.0
2018-06-13 19:29:24;5810.0
2018-06-13 19:29:24;5815.0
2018-06-13 19:29:25;5820.0
2018-06-13 19:29:25;5825.0
2018-06-13 19:29:26;5830.0
2018-06-13 19:29:26;5835.0
2018-06-13 19:29:27;5840.0
2018-06-13 19:29:27;5845.0
2018-06-13 19:29:28;5850.0
2018-06-13 19:29:28;5855.0
2018-06-13 19:29:29;5860.0
2018-06-13 19:29:29;5865.0
2018-06-13 19:29:30;5870.0
2018-06-13 19:29:30;5875.0
2018-06-13 19:29:31;5880.0
2018-06-13 19:29:31;5885.0
2018-06-13 19:29:32;5890.0
2018-06-13 19:29:32;5895.0
2018-06-13 19:29:33;5900.0
2018-06-13 19:29:34;5905.0
2018-06-13 19:29:34;5910.0
2018-06-13 19:29:35;5915.0
2018-06-13 19:29:35;5920.0
2018-06-13 19:29:36;5925.0
2018-06-13 19:29:36;5930.0
2018-06-13 19:29:37;5935.0
2018-06-13 19:29:37;5940.0
2018-06-13 19:29:38;5945.0
2018-06-13 19:29:38;5950.0
2018-06-13 19:29:39;5955.0
2018-06-13 19:29:39;5960.0
2018-06-13 19:29:40;5965.0
2018-06-13 19:29:40;5970.0
2018-06-13 19:29:41;5975.0
2018-06-13 19:29:41;5980.0
2018-06-13 19:29:42;5985.0
2018-06-13 19:29:42;5990.0
2018-06-13 19:29:43;5995.0
2018-06-13 19:29:43;6000.0
2018-06-13 19:29:44;6005.0
2018-06-13 19:29:44;6010.0
2018-06-13 19:29:45;6015.0
2018-06-13 19:29:45;6020.0
2018-06-13 19:29:46;6025.0
2018-06-13 19:29:46;6030.0
2018-06-13 19:29:47;6035.0
2018-06-13 19:29:47;6040.0
2018-06-13 19:29:48;6045.0
2018-06-13 19:29:48;6050.0
2018-06-13 19:29:49;6055.0
2018-06-13 19:29:50;6060.0
2018-06-13 19:29:50;6065.0
2018-06-13 19:29:51;6070.0
2018-06-13 19:29:51;6075.0
2018-06-13 19:29:52;6080.0
2018-06-13 19:29:52;6085.0
2018-06-13 19:29:53;6090.0
2018-06-13 19:29:53;6095.0
2018-06-13 19:29:54;6100.0
2018-06-13 19:29:54;6105.0
2018-06-13 19:29:55;6110.0
2018-06-13 19:29:55;6115.0
2018-06-13 19:29:56;6120.0
2018-06-13 19:29:56;6125.0
2018-06-13 19:29:57;6130.0
2018-06-13 19:29:57;6135.0
2018-06-13 19:29:58;6140.0
2018-06-13 19:29:58;6145.0
2018-06-13 19:29:59;6150.0
2018-06-13 19:29:59;6155.0
2018-06-13 19:30:00;6160.0
2018-06-13 19:30:00;6165.0
2018-06-13 19:30:01;6170.0
2018-06-13 19:30:01;6175.0
2018-06-13 19:30:02;6180.0
2018-06-13 19:30:02;6185.0
2018-06-13 19:30:03;6190.0
2018-06-13 19:30:03;6195.0
2018-06-13 19:30:04;6200.0
2018-06-13 19:30:04;6205.0
2018-06-13 19:30:05;6210.0
2018-06-13 19:30:06;6215.0
2018-06-13 19:30:06;6220.0
2018-06-13 19:30:07;6225.0
2018-06-13 19:30:07;6230.0
2018-06-13 19:30:08;6235.0
2018-06-13 19:30:08;6240.0
2018-06-13 19:30:09;6245.0
2018-06-13 19:30:09;6250.0
2018-06-13 19:30:10;6255.0
2018-06-13 19:30:10;6260.0
2018-06-13 19:30:11;6265.0
2018-06-13 19:30:11;6270.0
2018-06-13 19:30:12;6275.0
2018-06-13 19:30:12;6280.0
2018-06-13 19:30:13;6285.0
2018-06-13 19:30:13;6290.0
2018-06-13 19:30:14;6295.0
2018-06-13 19:30:14;6300.0
2018-06-13 19:30:15;6305.0
2018-06-13 19:30:15;6310.0
2018-06-13 19:30:16;6315.0
2018-06-13 19:30:16;6320.0
2018-06-13 19:30:17;6325.0
2018-06-13 19:30:17;6330.0
2018-06-13 19:30:18;6335.0
2018-06-13 19:30:18;6340.0
2018-06-13 19:30:19;6345.0
2018-06-13 19:30:19;6350.0
2018-06-13 19:30:20;6355.0
2018-06-13 19:30:20;6360.0
2018-06-13 19:30:21;6365.0
2018-06-13 19:30:22;6370.0
2018-06-13 19:30:22;6375.0
2018-06-13 19:30:23;6380.0
2018-06-13 19:30:23;6385.0
2018-06-13 19:30:24;6390.0
2018-06-13 19:30:24;6395.0
2018-06-13 19:30:25;6400.0
2018-06-13 19:30:25;6405.0
2018-06-13 19:30:26;6410.0
2018-06-13 19:30:26;6415.0
2018-06-13 19:30:27;6420.0
2018-06-13 19:30:27;6425.0
2018-06-13 19:30:28;6430.0
2018-06-13 19:30:28;6435.0
2018-06-13 19:30:29;6440.0
2018-06-13 19:30:29;6445.0
2018-06-13 19:30:30;6450.0
2018-06-13 19:30:30;6455.0
2018-06-13 19:30:31;6460.0
2018-06-13 19:30:31;6465.0
2018-06-13 19:30:32;6470.0
2018-06-13 19:30:32;6475.0
2018-06-13 19:30:33;6480.0
2018-06-13 19:30:33;6485.0
2018-06-13 19:30:34;6490.0
2018-06-13 19:30:34;6495.0
2018-06-13 19:30:35;6500.0
2018-06-13 19:30:35;6505.0
2018-06-13 19:30:36;6510.0
2018-06-13 19:30:36;6515.0
2018-06-13 19:30:37;6520.0
2018-06-13 19:30:38;6525.0
2018-06-13 19:30:38;6530.0
2018-06-13 19:30:39;6535.0
2018-06-13 19:30:39;6540.0
2018-06-13 19:30:40;6545.0
2018-06-13 19:30:40;6550.0
2018-06-13 19:30:41;6555.0
2018-06-13 19:30:41;6560.0
2018-06-13 19:30:42;6565.0
2018-06-13 19:30:42;6570.0
2018-06-13 19:30:43;6575.0
2018-06-13 19:30:43;6580.0
2018-06-13 19:30:44;6585.0
2018-06-13 19:30:44;6590.0
2018-06-13 19:30:45;6595.0
2018-06-13 19:30:45;6600.0
2018-06-13 19:30:46;6605.0
2018-06-13 19:30:46;6610.0
2018-06-13 19:30:47;6615.0
2018-06-13 19:30:47;6620.0
2018-06-13 19:30:48;6625.0
2018-06-13 19:30:48;6630.0
2018-06-13 19:30:49;6635.0
2018-06-13 19:30:49;6640.0
2018-06-13 19:30:50;6645.0
2018-06-13 19:30:50;6650.0
2018-06-13 19:30:51;6655.0
2018-06-13 19:30:51;6660.0
2018-06-13 19:30:52;6665.0
2018-06-13 19:30:52;6670.0
2018-06-13 19:30:53;6675.0
2018-06-13 19:30:53;6680.0
2018-06-13 19:30:54;6685.0
2018-06-13 19:30:55;6690.0
2018-06-13 19:30:55;6695.0
2018-06-13 19:30:56;6700.0
2018-06-13 19:30:56;6705.0
2018-06-13 19:30:57;6710.0
2018-06-13 19:30:57;6715.0
2018-06-13 19:30:58;6720.0
2018-06-13 19:30:58;6725.0
2018-06-13 19:30:59;6730.0
2018-06-13 19:30:59;6735.0
2018-06-13 19:31:00;6740.0
2018-06-13 19:31:00;6745.0
2018-06-13 19:31:01;6750.0
2018-06-13 19:31:01;6755.0
2018-06-13 19:31:02;6760.0
2018-06-13 19:31:02;6765.0
2018-06-13 19:31:03;6770.0
2018-06-13 19:31:03;6775.0
2018-06-13 19:31:04;6780.0
2018-06-13 19:31:04;6785.0
2018-06-13 19:31:05;6790.0
2018-06-13 19:31:05;6795.0
2018-06-13 19:31:06;6800.0
2018-06-13 19:31:06;6805.0
2018-06-13 19:31:07;6810.0
2018-06-13 19:31:07;6815.0
2018-06-13 19:31:08;6820.0
2018-06-13 19:31:08;6825.0
2018-06-13 19:31:09;6830.0
2018-06-13 19:31:09;6835.0
2018-06-13 19:31:10;6840.0
2018-06-13 19:31:11;6845.0
2018-06-13 19:31:11;6850.0
2018-06-13 19:31:12;6855.0
2018-06-13 19:31:12;6860.0
2018-06-13 19:31:13;6865.0
2018-06-13 19:31:13;6870.0
2018-06-13 19:31:14;6875.0
2018-06-13 19:31:14;6880.0
2018-06-13 19:31:15;6885.0
2018-06-13 19:31:15;6890.0
2018-06-13 19:31:16;6895.0
2018-06-13 19:31:16;6900.0
2018-06-13 19:31:17;6905.0
2018-06-13 19:31:17;6910.0
2018-06-13 19:31:18;6915.0
2018-06-13 19:31:18;6920.0
2018-06-13 19:31:19;6925.0
2018-06-13 19:31:19;6930.0
2018-06-13 19:31:20;6935.0
2018-06-13 19:31:20;6940.0
2018-06-13 19:31:21;6945.0
2018-06-13 19:31:21;6950.0
2018-06-13 19:31:22;6955.0
2018-06-13 19:31:22;6960.0
2018-06-13 19:31:23;6965.0
2018-06-13 19:31:23;6970.0
2018-06-13 19:31:24;6975.0
2018-06-13 19:31:24;6980.0
2018-06-13 19:31:25;6985.0
2018-06-13 19:31:25;6990.0
2018-06-13 19:31:26;6995.0
2018-06-13 19:31:27;7000.0
2018-06-13 19:31:27;7005.0
2018-06-13 19:31:28;7010.0
2018-06-13 19:31:28;7015.0
2018-06-13 19:31:29;7020.0
2018-06-13 19:31:29;7025.0
2018-06-13 19:31:30;7030.0
2018-06-13 19:31:30;7035.0
2018-06-13 19:31:31;7040.0
2018-06-13 19:31:31;7045.0
2018-06-13 19:31:32;7050.0
2018-06-13 19:31:32;7055.0
2018-06-13 19:31:33;7060.0
2018-06-13 19:31:33;7065.0
2018-06-13 19:31:34;7070.0
2018-06-13 19:31:34;7075.0
2018-06-13 19:31:35;7080.0
2018-06-13 19:31:35;7085.0
2018-06-13 19:31:36;7090.0
2018-06-13 19:31:36;7095.0
2018-06-13 19:31:37;7100.0
2018-06-13 19:31:37;7105.0
2018-06-13 19:31:38;7110.0
2018-06-13 19:31:38;7115.0
2018-06-13 19:31:39;7120.0
2018-06-13 19:31:39;7125.0
2018-06-13 19:31:40;7130.0
2018-06-13 19:31:40;7135.0
2018-06-13 19:31:41;7140.0
2018-06-13 19:31:41;7145.0
2018-06-13 19:31:42;7150.0
2018-06-13 19:31:43;7155.0
2018-06-13 19:31:43;7160.0
2018-06-13 19:31:44;7165.0
2018-06-13 19:31:44;7170.0
2018-06-13 19:31:45;7175.0
2018-06-13 19:31:45;7180.0
2018-06-13 19:31:46;7185.0
2018-06-13 19:31:46;7190.0
2018-06-13 19:31:47;7195.0
2018-06-13 19:31:47;7200.0
2018-06-13 19:31:48;7205.0
2018-06-13 19:31:48;7210.0
2018-06-13 19:31:49;7215.0
2018-06-13 19:31:49;7220.0
2018-06-13 19:31:50;7225.0
2018-06-13 19:31:50;7230.0
2018-06-13 19:31:51;7235.0
2018-06-13 19:31:51;7240.0
2018-06-13 19:31:52;7245.0
2018-06-13 19:31:52;7250.0
2018-06-13 19:31:53;7255.0
2018-06-13 19:31:53;7260.0
2018-06-13 19:31:54;7265.0
2018-06-13 19:31:54;7270.0
2018-06-13 19:31:55;7275.0
2018-06-13 19:31:55;7280.0
2018-06-13 19:31:56;7285.0
2018-06-13 19:31:56;7290.0
2018-06-13 19:31:57;7295.0
2018-06-13 19:31:58;7300.0
2018-06-13 19:31:58;7305.0
2018-06-13 19:31:59;7310.0
2018-06-13 19:31:59;7315.0
2018-06-13 19:32:00;7320.0
2018-06-13 19:32:00;7325.0
2018-06-13 19:32:01;7330.0
2018-06-13 19:32:01;7335.0
2018-06-13 19:32:02;7340.0
2018-06-13 19:32:02;7345.0
2018-06-13 19:32:03;7350.0
2018-06-13 19:32:03;7355.0
2018-06-13 19:32:04;7360.0
2018-06-13 19:32:04;7365.0
2018-06-13 21:40:19;7370.0
2018-06-13 21:40:20;7375.0
2018-06-13 21:40:20;7380.0
2018-06-13 21:40:21;7385.0
2018-06-13 21:40:21;7390.0
2018-06-13 21:40:58;7395.0
2018-06-13 21:41:21;7400.0
2018-06-13 21:41:21;7405.0
2018-06-13 21:41:22;7410.0
2018-06-13 21:41:22;7415.0
2018-06-13 21:41:23;7420.0
2018-06-13 21:41:23;7425.0
2018-06-13 21:41:24;7430.0
2018-06-13 21:41:24;7435.0
2018-06-13 21:41:25;7440.0
2018-06-13 21:41:25;7445.0
2018-06-13 21:41:26;7450.0
2018-06-13 21:41:26;7455.0
2018-06-13 21:41:27;7460.0
2018-06-13 21:41:27;7465.0
2018-06-13 21:41:28;7470.0
2018-06-13 21:41:28;7475.0
2018-06-13 21:41:29;7480.0
2018-06-13 21:41:29;7485.0
2018-06-13 21:41:30;7490.0
2018-06-13 21:41:30;7495.0
2018-06-13 21:41:31;7500.0
2018-06-13 21:41:31;7505.0
2018-06-13 21:41:32;7510.0
2018-06-13 21:41:32;7515.0
2018-06-13 21:41:33;7520.0
2018-06-13 21:41:33;7525.0
2018-06-13 21:41:34;7530.0
2018-06-13 21:41:34;7535.0
2018-06-13 21:41:35;7540.0
2018-06-13 21:41:35;7545.0
2018-06-13 21:41:36;7550.0
2018-06-13 21:41:36;7555.0
2018-06-13 21:41:37;7560.0
2018-06-13 21:41:37;7565.0
2018-06-13 21:41:38;7570.0
2018-06-13 21:41:38;7575.0
2018-06-13 21:41:39;7580.0
2018-06-13 21:41:39;7585.0
2018-06-13 21:41:40;7590.0
2018-06-13 21:41:40;7595.0
2018-06-13 21:41:41;7600.0
2018-06-13 21:41:41;7605.0
2018-06-13 21:41:42;7610.0
2018-06-13 21:41:42;7615.0
2018-06-13 21:41:43;7620.0
2018-06-13 21:41:43;7625.0
2018-06-13 21:41:44;7630.0
2018-06-13 21:41:44;7635.0
2018-06-13 21:41:45;7640.0
2018-06-13 21:41:45;7645.0
2018-06-13 21:41:46;7650.0
2018-06-13 21:41:46;7655.0
2018-06-13 21:41:47;7660.0
2018-06-13 21:41:47;7665.0
2018-06-13 21:41:48;7670.0
2018-06-13 21:41:48;7675.0
2018-06-13 21:41:49;7680.0
2018-06-13 21:41:49;7685.0
2018-06-13 21:41:50;7690.0
2018-06-13 21:41:50;7695.0
2018-06-13 21:41:51;7700.0
2018-06-13 21:41:51;7705.0
2018-06-13 21:41:52;7710.0
2018-06-13 21:41:52;7715.0
2018-06-13 21:41:53;7720.0
2018-06-13 21:41:53;7725.0
2018-06-13 21:41:54;7730.0
2018-06-13 21:41:54;7735.0
2018-06-13 21:41:55;7740.0
2018-06-13 21:41:55;7745.0
2018-06-13 21:41:56;7750.0
2018-06-13 21:41:56;7755.0
2018-06-13 21:41:57;7760.0
2018-06-13 21:41:57;7765.0
2018-06-13 21:41:58;7770.0
2018-06-13 21:41:58;7775.0
2018-06-13 21:41:59;7780.0
2018-06-13 21:41:59;7785.0
2018-06-13 21:42:00;7790.0
2018-06-13 21:42:00;7795.0
2018-06-13 21:42:01;7800.0
2018-06-13 21:42:01;7805.0
2018-06-13 21:42:02;7810.0
2018-06-13 21:42:02;7815.0
2018-06-13 21:42:03;7820.0
2018-06-13 21:42:03;7825.0
2018-06-13 21:42:04;7830.0
2018-06-13 21:42:04;7835.0
2018-06-13 21:42:05;7840.0
2018-06-13 21:42:05;7845.0
2018-06-13 21:42:06;7850.0
2018-06-13 21:42:06;7855.0
2018-06-13 21:42:07;7860.0
2018-06-13 21:42:07;7865.0
2018-06-13 21:42:08;7870.0
2018-06-13 21:42:08;7875.0
2018-06-13 21:42:09;7880.0
2018-06-13 21:42:09;7885.0
2018-06-13 21:42:10;7890.0
2018-06-13 21:42:10;7895.0
2018-06-13 21:42:11;7900.0
2018-06-13 21:42:11;7905.0
2018-06-13 21:42:12;7910.0
2018-06-13 21:42:12;7915.0
2018-06-13 21:42:13;7920.0
2018-06-13 21:42:13;7925.0
2018-06-13 21:42:14;7930.0
2018-06-13 21:42:14;7935.0
2018-06-13 21:42:15;7940.0
2018-06-13 21:42:15;7945.0
2018-06-13 21:42:16;7950.0
2018-06-13 21:42:16;7955.0
2018-06-13 21:42:17;7960.0
2018-06-13 21:42:17;7965.0
2018-06-13 21:42:18;7970.0
2018-06-13 21:42:18;7975.0
2018-06-13 21:42:19;7980.0
2018-06-13 21:42:19;7985.0
2018-06-13 21:42:20;7990.0
2018-06-13 21:42:20;7995.0
2018-06-13 21:42:21;8000.0
2018-06-13 21:42:21;8005.0
2018-06-13 21:42:22;8010.0
2018-06-13 21:42:22;8015.0
2018-06-13 21:42:23;8020.0
2018-06-13 21:42:23;8025.0
2018-06-13 21:42:24;8030.0
2018-06-13 21:42:24;8035.0
2018-06-13 21:42:25;8040.0
2018-06-13 21:42:25;8045.0
2018-06-13 21:42:26;8050.0
2018-06-13 21:42:26;8055.0
2018-06-13 21:42:27;8060.0
2018-06-13 21:42:27;8065.0
2018-06-13 21:42:28;8070.0
2018-06-13 21:42:28;8075.0
2018-06-13 21:42:29;8080.0
2018-06-13 21:42:29;8085.0
2018-06-13 21:42:30;8090.0
2018-06-13 21:42:30;8095.0
2018-06-13 21:42:31;8100.0
2018-06-13 21:42:31;8105.0
2018-06-13 21:42:32;8110.0
2018-06-13 21:42:32;8115.0
2018-06-13 21:42:33;8120.0
2018-06-13 21:42:33;8125.0
2018-06-13 21:42:34;8130.0
2018-06-13 21:42:34;8135.0
2018-06-13 21:42:35;8140.0
2018-06-13 21:42:35;8145.0
2018-06-13 21:42:36;8150.0
2018-06-13 21:42:36;8155.0
2018-06-13 21:42:37;8160.0
2018-06-13 21:42:37;8165.0
2018-06-13 21:42:38;8170.0
2018-06-13 21:42:38;8175.0
2018-06-13 21:42:39;8180.0
2018-06-13 21:42:39;8185.0
2018-06-13 21:42:40;8190.0
2018-06-13 21:42:40;8195.0
2018-06-13 21:42:41;8200.0
2018-06-13 21:42:41;8205.0
2018-06-13 21:42:42;8210.0
2018-06-13 21:42:42;8215.0
2018-06-13 21:42:43;8220.0
2018-06-13 21:42:43;8225.0
2018-06-13 21:42:44;8230.0
2018-06-13 21:42:44;8235.0
2018-06-13 21:42:45;8240.0
2018-06-13 21:42:45;8245.0
2018-06-13 21:42:46;8250.0
2018-06-13 21:42:46;8255.0
2018-06-13 21:42:47;8260.0
2018-06-13 21:42:47;8265.0
2018-06-13 21:42:48;8270.0
2018-06-13 21:42:48;8275.0
2018-06-13 21:42:49;8280.0
2018-06-13 21:42:49;8285.0
2018-06-13 21:42:50;8290.0
2018-06-13 21:42:50;8295.0
2018-06-13 21:42:51;8300.0
2018-06-13 21:42:51;8305.0
2018-06-13 21:42:52;8310.0
2018-06-13 21:42:52;8315.0
2018-06-13 21:42:53;8320.0
2018-06-13 21:42:53;8325.0
2018-06-13 21:42:54;8330.0
2018-06-13 21:42:54;8335.0
2018-06-13 21:42:55;8340.0
2018-06-13 21:42:55;8345.0
2018-06-13 21:42:56;8350.0
2018-06-13 21:42:56;8355.0
2018-06-13 21:42:57;8360.0
2018-06-13 21:42:57;8365.0
2018-06-13 21:42:58;8370.0
2018-06-13 21:42:58;8375.0
2018-06-13 21:42:59;8380.0
2018-06-13 21:42:59;8385.0
2018-06-13 21:43:00;8390.0
2018-06-13 21:43:00;8395.0
2018-06-13 21:43:01;8400.0
2018-06-13 21:43:01;8405.0
2018-06-13 21:43:02;8410.0
2018-06-13 21:43:02;8415.0
2018-06-13 21:43:03;8420.0
2018-06-13 21:43:03;8425.0
2018-06-13 21:43:04;8430.0
2018-06-13 21:43:04;8435.0
2018-06-13 21:43:05;8440.0
2018-06-13 21:43:05;8445.0
2018-06-13 21:43:06;8450.0
2018-06-13 21:43:06;8455.0
2018-06-13 21:43:07;8460.0
2018-06-13 21:43:07;8465.0
2018-06-13 21:43:08;8470.0
2018-06-13 21:43:08;8475.0
2018-06-13 21:43:09;8480.0
2018-06-13 21:43:09;8485.0
2018-06-13 21:43:10;8490.0
2018-06-13 21:43:10;8495.0
2018-06-13 21:43:11;8500.0
2018-06-13 21:43:11;8505.0
2018-06-13 21:43:12;8510.0
2018-06-13 21:43:12;8515.0
2018-06-13 21:43:13;8520.0
2018-06-13 21:43:13;8525.0
2018-06-13 21:43:14;8530.0
2018-06-13 21:43:14;8535.0
2018-06-13 21:43:15;8540.0
2018-06-13 21:43:15;8545.0
2018-06-13 21:43:16;8550.0
2018-06-13 21:43:16;8555.0
2018-06-13 21:43:17;8560.0
2018-06-13 21:43:17;8565.0
2018-06-13 21:43:18;8570.0
2018-06-13 21:43:18;8575.0
2018-06-13 21:43:19;8580.0
2018-06-13 21:43:19;8585.0
2018-06-13 21:43:20;8590.0
2018-06-13 21:43:20;8595.0
2018-06-13 21:43:21;8600.0
2018-06-13 21:43:21;8605.0
2018-06-13 21:43:22;8610.0
2018-06-13 21:43:22;8615.0
2018-06-13 21:43:23;8620.0
2018-06-13 21:43:23;8625.0
2018-06-13 21:43:24;8630.0
2018-06-13 21:43:24;8635.0
2018-06-13 21:43:25;8640.0
2018-06-13 21:43:25;8645.0
2018-06-13 21:43:26;8650.0
2018-06-13 21:43:26;8655.0
2018-06-13 21:43:27;8660.0
2018-06-13 21:43:27;8665.0
2018-06-13 21:43:28;8670.0
2018-06-13 21:43:28;8675.0
2018-06-13 21:43:29;8680.0
2018-06-13 21:43:29;8685.0
2018-06-13 21:43:30;8690.0
2018-06-13 21:43:30;8695.0
2018-06-13 21:43:31;8700.0
2018-06-13 21:43:31;8705.0
2018-06-13 21:43:32;8710.0
2018-06-13 21:43:32;8715.0
2018-06-13 21:43:33;8720.0
2018-06-13 21:43:33;8725.0
2018-06-13 21:43:34;8730.0
2018-06-13 21:43:34;8735.0
2018-06-13 21:43:35;8740.0
2018-06-13 21:43:35;8745.0
2018-06-13 21:43:36;8750.0
2018-06-13 21:43:36;8755.0
2018-06-13 21:43:37;8760.0
2018-06-13 21:43:37;8765.0
2018-06-13 21:43:38;8770.0
2018-06-13 21:43:38;8775.0
2018-06-13 21:43:39;8780.0
2018-06-13 21:43:39;8785.0
2018-06-13 21:43:40;8790.0
2018-06-13 21:43:40;8795.0
2018-06-13 21:43:41;8800.0
2018-06-13 21:43:41;8805.0
2018-06-13 21:43:42;8810.0
2018-06-13 21:43:42;8815.0
2018-06-13 21:43:43;8820.0
2018-06-13 21:43:43;8825.0
2018-06-13 21:43:44;8830.0
2018-06-13 21:43:44;8835.0
2018-06-13 21:43:45;8840.0
2018-06-13 21:43:45;8845.0
2018-06-13 21:43:46;8850.0
2018-06-13 21:43:46;8855.0
2018-06-13 21:43:47;8860.0
2018-06-13 21:43:47;8865.0
2018-06-13 21:43:48;8870.0
2018-06-13 21:43:48;8875.0
2018-06-13 21:43:49;8880.0
2018-06-13 21:43:49;8885.0
2018-06-13 21:43:50;8890.0
2018-06-13 21:43:50;8895.0
2018-06-13 21:43:51;8900.0
2018-06-13 21:43:51;8905.0
2018-06-13 21:43:52;8910.0
2018-06-13 21:43:52;8915.0
2018-06-13 21:43:53;8920.0
2018-06-13 21:43:53;8925.0
2018-06-13 21:43:54;8930.0
2018-06-13 21:43:54;8935.0
2018-06-13 21:43:55;8940.0
2018-06-13 21:43:55;8945.0
2018-06-13 21:43:56;8950.0
2018-06-13 21:43:56;8955.0
2018-06-13 21:43:57;8960.0
2018-06-13 21:43:57;8965.0
2018-06-13 21:43:58;8970.0
2018-06-13 21:43:58;8975.0
2018-06-13 21:43:59;8980.0
2018-06-13 21:43:59;8985.0
2018-06-13 21:44:00;8990.0
2018-06-13 21:44:00;8995.0
2018-06-13 21:44:01;9000.0
2018-06-13 21:44:01;9005.0
2018-06-13 21:44:02;9010.0
2018-06-13 21:44:02;9015.0
2018-06-13 21:44:03;9020.0
2018-06-13 21:44:03;9025.0
2018-06-13 21:44:04;9030.0
2018-06-13 21:44:04;9035.0
2018-06-13 21:44:05;9040.0
2018-06-13 21:44:05;9045.0
2018-06-13 21:44:06;9050.0
2018-06-13 21:44:06;9055.0
2018-06-13 21:44:07;9060.0
2018-06-13 21:44:07;9065.0
2018-06-13 21:44:08;9070.0
2018-06-13 21:44:08;9075.0
2018-06-13 21:44:09;9080.0
2018-06-13 21:44:09;9085.0
2018-06-13 21:44:10;9090.0
2018-06-13 21:44:10;9095.0
2018-06-13 21:44:11;9100.0
2018-06-13 21:44:11;9105.0
2018-06-13 21:44:12;9110.0
2018-06-13 21:44:12;9115.0
2018-06-13 21:44:13;9120.0
2018-06-13 21:44:13;9125.0
2018-06-13 21:44:14;9130.0
2018-06-13 21:44:14;9135.0
2018-06-13 21:44:15;9140.0
2018-06-13 21:44:15;9145.0
2018-06-13 21:44:16;9150.0
2018-06-13 21:44:16;9155.0
2018-06-13 21:44:17;9160.0
2018-06-13 21:44:17;9165.0
2018-06-13 21:44:18;9170.0
2018-06-13 21:44:18;9175.0
2018-06-13 21:44:19;9180.0
2018-06-13 21:44:19;9185.0
2018-06-13 21:44:20;9190.0
2018-06-13 21:44:20;9195.0
2018-06-13 21:44:21;9200.0
2018-06-13 21:44:21;9205.0
2018-06-13 21:44:22;9210.0
2018-06-13 21:44:22;9215.0
2018-06-13 21:44:23;9220.0
2018-06-13 21:44:23;9225.0
2018-06-13 21:44:24;9230.0
2018-06-13 21:44:24;9235.0
2018-06-13 21:44:25;9240.0
2018-06-13 21:44:25;9245.0
2018-06-13 21:44:26;9250.0
2018-06-13 21:44:26;9255.0
2018-06-13 21:44:27;9260.0
2018-06-13 21:44:27;9265.0
2018-06-13 21:44:28;9270.0
2018-06-13 21:44:28;9275.0
2018-06-13 21:44:29;9280.0
2018-06-13 21:44:29;9285.0
2018-06-13 21:44:30;9290.0
2018-06-13 21:44:30;9295.0
2018-06-13 21:44:31;9300.0
2018-06-13 21:44:31;9305.0
2018-06-13 21:44:32;9310.0
2018-06-13 21:44:32;9315.0
2018-06-13 21:44:33;9320.0
2018-06-13 21:44:33;9325.0
2018-06-13 21:44:34;9330.0
2018-06-13 21:44:34;9335.0
2018-06-13 21:44:35;9340.0
2018-06-13 21:44:35;9345.0
2018-06-13 21:44:36;9350.0
2018-06-13 21:44:36;9355.0
2018-06-13 21:44:37;9360.0
2018-06-13 21:44:37;9365.0
2018-06-13 21:44:38;9370.0
2018-06-13 21:44:38;9375.0
2018-06-13 21:44:39;9380.0
2018-06-13 21:44:39;9385.0
2018-06-13 21:44:40;9390.0
2018-06-13 21:44:40;9395.0
2018-06-13 21:44:41;9400.0
2018-06-13 21:44:41;9405.0
2018-06-13 21:44:42;9410.0
2018-06-13 21:44:42;9415.0
2018-06-13 21:44:43;9420.0
2018-06-13 21:44:43;9425.0
2018-06-13 21:44:44;9430.0
2018-06-13 21:44:44;9435.0
2018-06-13 21:44:45;9440.0
2018-06-13 21:44:45;9445.0
2018-06-13 21:44:46;9450.0
2018-06-13 21:44:46;9455.0
2018-06-13 21:44:47;9460.0
2018-06-13 21:44:47;9465.0
2018-06-13 21:44:48;9470.0
2018-06-13 21:44:48;9475.0
2018-06-13 21:44:49;9480.0
2018-06-13 21:44:49;9485.0
2018-06-13 21:44:50;9490.0
2018-06-13 21:44:50;9495.0
2018-06-13 21:44:51;9500.0
2018-06-13 21:44:51;9505.0
2018-06-13 21:44:52;9510.0
2018-06-13 21:44:52;9515.0
2018-06-13 21:44:53;9520.0
2018-06-13 21:44:53;9525.0
2018-06-13 21:44:54;9530.0
2018-06-13 21:44:54;9535.0
2018-06-13 21:44:55;9540.0
2018-06-13 21:44:55;9545.0
2018-06-13 21:44:56;9550.0
2018-06-13 21:44:56;9555.0
2018-06-13 21:44:57;9560.0
2018-06-13 21:44:57;9565.0
2018-06-13 21:44:58;9570.0
2018-06-13 21:44:58;9575.0
2018-06-13 21:44:59;9580.0
2018-06-13 21:44:59;9585.0
2018-06-13 21:45:00;9590.0
2018-06-13 21:45:00;9595.0
2018-06-13 21:45:01;9600.0
2018-06-13 21:45:01;9605.0
2018-06-13 21:45:02;9610.0
2018-06-13 21:45:02;9615.0
2018-06-13 21:45:03;9620.0
2018-06-13 21:45:03;9625.0
2018-06-13 21:45:04;9630.0
2018-06-13 21:45:04;9635.0
2018-06-13 21:45:05;9640.0
2018-06-13 21:45:05;9645.0
2018-06-13 21:45:06;9650.0
2018-06-13 21:45:06;9655.0
2018-06-13 21:45:07;9660.0
2018-06-13 21:45:07;9665.0
2018-06-13 21:45:08;9670.0
2018-06-13 21:45:08;9675.0
2018-06-13 21:45:09;9680.0
2018-06-13 21:45:09;9685.0
2018-06-13 21:45:10;9690.0
2018-06-13 21:45:10;9695.0
2018-06-13 21:45:11;9700.0
2018-06-13 21:45:11;9705.0
2018-06-13 21:45:12;9710.0
2018-06-13 21:45:12;9715.0
2018-06-13 21:45:13;9720.0
2018-06-13 21:45:13;9725.0
2018-06-13 21:45:14;9730.0
2018-06-13 21:45:14;9735.0
2018-06-13 21:45:15;9740.0
2018-06-13 21:45:15;9745.0
2018-06-13 21:45:16;9750.0
2018-06-13 21:45:16;9755.0
2018-06-13 21:45:17;9760.0
2018-06-13 21:45:17;9765.0
2018-06-13 21:45:18;9770.0
2018-06-13 21:45:18;9775.0
2018-06-13 21:45:19;9780.0
2018-06-13 21:45:19;9785.0
2018-06-13 21:45:20;9790.0
2018-06-13 21:45:20;9795.0
2018-06-13 21:45:21;9800.0
2018-06-13 21:45:21;9805.0
2018-06-13 21:45:22;9810.0
2018-06-13 21:45:22;9815.0
2018-06-13 21:45:23;9820.0
2018-06-13 21:45:23;9825.0
2018-06-13 21:45:24;9830.0
2018-06-13 21:45:24;9835.0
2018-06-13 21:45:25;9840.0
2018-06-13 21:45:25;9845.0
2018-06-13 21:45:26;9850.0
2018-06-13 21:45:26;9855.0
2018-06-13 21:45:27;9860.0
2018-06-13 21:45:27;9865.0
2018-06-13 21:45:28;9870.0
2018-06-13 21:45:28;9875.0
2018-06-13 21:45:29;9880.0
2018-06-13 21:45:29;9885.0
2018-06-13 21:45:30;9890.0
2018-06-13 21:45:30;9895.0
2018-06-13 21:45:31;9900.0
2018-06-13 21:45:31;9905.0
2018-06-13 21:45:32;9910.0
2018-06-13 21:45:32;9915.0
2018-06-13 21:45:33;9920.0
2018-06-13 21:45:33;9925.0
2018-06-13 21:45:34;9930.0
2018-06-13 21:45:34;9935.0
2018-06-13 21:45:35;9940.0
2018-06-13 21:45:35;9945.0
2018-06-13 21:45:36;9950.0
2018-06-13 21:45:36;9955.0
2018-06-13 21:45:37;9960.0
2018-06-13 21:45:37;9965.0
2018-06-13 21:45:38;9970.0
2018-06-13 21:45:38;9975.0
2018-06-13 21:45:39;9980.0
2018-06-13 21:45:39;9985.0
2018-06-13 21:45:40;9990.0
2018-06-13 21:45:40;9995.0
2018-06-13 21:45:41;10000.0
2018-06-13 21:45:41;10005.0
2018-06-13 21:45:42;10010.0
2018-06-13 21:45:42;10015.0
2018-06-13 21:45:43;10020.0
2018-06-13 21:45:43;10025.0
2018-06-13 21:45:44;10030.0
2018-06-13 21:45:44;10035.0
2018-06-13 21:45:45;10040.0
2018-06-13 21:45:45;10045.0
2018-06-13 21:45:46;10050.0
2018-06-13 21:45:46;10055.0
2018-06-13 21:45:47;10060.0
2018-06-13 21:45:47;10065.0
2018-06-13 21:45:48;10070.0
2018-06-13 21:45:48;10075.0
2018-06-13 21:45:49;10080.0
2018-06-13 21:45:49;10085.0
2018-06-13 21:45:50;10090.0
2018-06-13 21:45:50;10095.0
2018-06-13 21:45:51;10100.0
2018-06-13 21:45:51;10105.0
2018-06-13 21:45:52;10110.0
2018-06-13 21:45:52;10115.0
2018-06-13 21:45:53;10120.0
2018-06-13 21:45:53;10125.0
2018-06-13 21:45:54;10130.0
2018-06-13 21:45:54;10135.0
2018-06-13 21:45:55;10140.0
2018-06-13 21:45:55;10145.0
2018-06-13 21:45:56;10150.0
2018-06-13 21:45:56;10155.0
2018-06-13 21:45:57;10160.0
2018-06-13 21:45:57;10165.0
2018-06-13 21:45:58;10170.0
2018-06-13 21:45:58;10175.0
2018-06-13 21:45:59;10180.0
2018-06-13 21:45:59;10185.0
2018-06-13 21:46:00;10190.0
2018-06-13 21:46:00;10195.0
2018-06-13 21:46:01;10200.0
2018-06-13 21:46:01;10205.0
2018-06-13 21:46:02;10210.0
2018-06-13 21:46:02;10215.0
2018-06-13 21:46:03;10220.0
2018-06-13 21:46:03;10225.0
2018-06-13 21:46:04;10230.0
2018-06-13 21:46:04;10235.0
2018-06-13 21:46:05;10240.0
2018-06-13 21:46:05;10245.0
2018-06-13 21:46:06;10250.0
2018-06-13 21:46:06;10255.0
2018-06-13 21:46:07;10260.0
2018-06-13 21:46:07;10265.0
2018-06-13 21:46:08;10270.0
2018-06-13 21:46:08;10275.0
2018-06-13 21:46:09;10280.0
2018-06-13 21:46:09;10285.0
2018-06-13 21:46:10;10290.0
2018-06-13 21:46:10;10295.0
2018-06-13 21:46:11;10300.0
2018-06-13 21:46:11;10305.0
2018-06-13 21:46:12;10310.0
2018-06-13 21:46:12;10315.0
2018-06-13 21:46:13;10320.0
2018-06-13 21:46:13;10325.0
2018-06-13 21:46:14;10330.0
2018-06-13 21:46:14;10335.0
2018-06-13 21:46:15;10340.0
2018-06-13 21:46:15;10345.0
2018-06-13 21:46:16;10350.0
2018-06-13 21:46:16;10355.0
2018-06-13 21:46:17;10360.0
2018-06-13 21:46:17;10365.0
2018-06-13 21:46:18;10370.0
2018-06-13 21:46:18;10375.0
2018-06-13 21:46:19;10380.0
2018-06-13 21:46:19;10385.0
2018-06-13 21:46:20;10390.0
2018-06-13 21:46:20;10395.0
2018-06-13 21:46:21;10400.0
2018-06-13 21:46:21;10405.0
2018-06-13 21:46:22;10410.0
2018-06-13 21:46:22;10415.0
2018-06-13 21:46:23;10420.0
2018-06-13 21:46:23;10425.0
2018-06-13 21:46:24;10430.0
2018-06-13 21:46:24;10435.0
2018-06-13 21:46:25;10440.0
2018-06-13 21:46:25;10445.0
2018-06-13 21:46:26;10450.0
2018-06-13 21:46:26;10455.0
2018-06-13 21:46:27;10460.0
2018-06-13 21:46:27;10465.0
2018-06-13 21:46:28;10470.0
2018-06-13 21:46:28;10475.0
2018-06-13 21:46:29;10480.0
2018-06-13 21:46:29;10485.0
2018-06-13 21:46:30;10490.0
2018-06-13 21:46:30;10495.0
2018-06-13 21:46:31;10500.0
2018-06-13 21:46:31;10505.0
2018-06-13 21:46:32;10510.0
2018-06-13 21:46:32;10515.0
2018-06-13 21:46:33;10520.0
2018-06-13 21:46:33;10525.0
2018-06-13 21:46:34;10530.0
2018-06-13 21:46:34;10535.0
2018-06-13 21:46:35;10540.0
2018-06-13 21:46:35;10545.0
2018-06-13 21:46:36;10550.0
2018-06-13 21:46:36;10555.0
2018-06-13 21:46:37;10560.0
2018-06-13 21:46:37;10565.0
2018-06-13 21:46:38;10570.0
2018-06-13 21:46:38;10575.0
2018-06-13 21:46:39;10580.0
2018-06-13 21:46:39;10585.0
2018-06-13 21:46:40;10590.0
2018-06-13 21:46:40;10595.0
2018-06-13 21:46:41;10600.0
2018-06-13 21:46:41;10605.0
2018-06-13 21:46:42;10610.0
2018-06-13 21:46:42;10615.0
2018-06-13 21:46:43;10620.0
2018-06-13 21:46:43;10625.0
2018-06-13 21:46:44;10630.0
2018-06-13 21:46:44;10635.0
2018-06-13 21:46:45;10640.0
2018-06-13 21:46:45;10645.0
2018-06-13 21:46:46;10650.0
2018-06-13 21:46:46;10655.0
2018-06-13 21:46:47;10660.0
2018-06-13 21:46:47;10665.0
2018-06-13 21:46:48;10670.0
2018-06-13 21:46:48;10675.0
2018-06-13 21:46:49;10680.0
2018-06-13 21:46:49;10685.0
2018-06-13 21:46:50;10690.0
2018-06-13 21:46:50;10695.0
2018-06-13 21:46:51;10700.0
2018-06-13 21:46:51;10705.0
2018-06-13 21:46:52;10710.0
2018-06-13 21:46:52;10715.0
2018-06-13 21:46:53;10720.0
2018-06-13 21:46:53;10725.0
2018-06-13 21:46:54;10730.0
2018-06-13 21:46:54;10735.0
2018-06-13 21:46:55;10740.0
2018-06-13 21:46:55;10745.0
2018-06-13 21:46:56;10750.0
2018-06-13 21:46:56;10755.0
2018-06-13 21:46:57;10760.0
2018-06-13 21:46:57;10765.0
2018-06-13 21:46:58;10770.0
2018-06-13 21:46:58;10775.0
2018-06-13 21:46:59;10780.0
2018-06-13 21:46:59;10785.0
2018-06-13 21:47:00;10790.0
2018-06-13 21:47:00;10795.0
2018-06-13 21:47:01;10800.0
2018-06-13 21:47:01;10805.0
2018-06-13 21:47:02;10810.0
2018-06-13 21:47:02;10815.0
2018-06-13 21:47:03;10820.0
2018-06-13 21:47:03;10825.0
2018-06-13 21:47:04;10830.0
2018-06-13 21:47:04;10835.0
2018-06-13 21:47:05;10840.0
2018-06-13 21:47:05;10845.0
2018-06-13 21:47:06;10850.0
2018-06-13 21:47:06;10855.0
2018-06-13 21:47:07;10860.0
2018-06-13 21:47:07;10865.0
2018-06-13 21:47:08;10870.0
2018-06-13 21:47:08;10875.0
2018-06-13 21:47:09;10880.0
2018-06-13 21:47:09;10885.0
2018-06-13 21:47:10;10890.0
2018-06-13 21:47:10;10895.0
2018-06-13 21:47:11;10900.0
2018-06-13 21:47:11;10905.0
2018-06-13 21:47:12;10910.0
2018-06-13 21:47:12;10915.0
2018-06-13 21:47:13;10920.0
2018-06-13 21:47:13;10925.0
2018-06-13 21:47:14;10930.0
2018-06-13 21:47:14;10935.0
2018-06-13 21:47:15;10940.0
2018-06-13 21:47:15;10945.0
2018-06-13 21:47:16;10950.0
2018-06-13 21:47:16;10955.0
2018-06-13 21:47:17;10960.0
2018-06-13 21:47:17;10965.0
2018-06-13 21:47:18;10970.0
2018-06-13 21:47:18;10975.0
2018-06-13 21:47:19;10980.0
2018-06-13 21:47:19;10985.0
2018-06-13 21:47:20;10990.0
2018-06-13 21:47:20;10995.0
2018-06-13 21:47:21;11000.0
2018-06-13 21:47:21;11005.0
2018-06-13 21:47:22;11010.0
2018-06-13 21:47:22;11015.0
2018-06-13 21:47:23;11020.0
2018-06-13 21:47:23;11025.0
2018-06-13 21:47:24;11030.0
2018-06-13 21:47:24;11035.0
2018-06-13 21:47:25;11040.0
2018-06-13 21:47:25;11045.0
2018-06-13 21:47:26;11050.0
2018-06-13 21:47:26;11055.0
2018-06-13 21:47:27;11060.0
2018-06-13 21:47:27;11065.0
2018-06-13 21:47:28;11070.0
2018-06-13 21:47:28;11075.0
2018-06-13 21:47:29;11080.0
2018-06-13 21:47:29;11085.0
2018-06-13 21:47:30;11090.0
2018-06-13 21:47:30;11095.0
2018-06-13 21:47:31;11100.0
2018-06-13 21:47:31;11105.0
2018-06-13 21:47:32;11110.0
2018-06-13 21:47:32;11115.0
2018-06-13 21:47:33;11120.0
2018-06-13 21:47:33;11125.0
2018-06-13 21:47:34;11130.0
2018-06-13 21:47:34;11135.0
2018-06-13 21:47:35;11140.0
2018-06-13 21:47:35;11145.0
2018-06-13 21:47:36;11150.0
2018-06-13 21:47:36;11155.0
2018-06-13 21:47:37;11160.0
2018-06-13 21:47:37;11165.0
2018-06-13 21:47:38;11170.0
2018-06-13 21:47:38;11175.0
2018-06-13 21:47:39;11180.0
2018-06-13 21:47:39;11185.0
2018-06-13 21:47:40;11190.0
2018-06-13 21:47:40;11195.0
2018-06-13 21:47:41;11200.0
2018-06-13 21:47:41;11205.0
2018-06-13 21:47:42;11210.0
2018-06-13 21:47:42;11215.0
2018-06-13 21:47:43;11220.0
2018-06-13 21:47:43;11225.0
2018-06-13 21:47:44;11230.0
2018-06-13 21:47:44;11235.0
2018-06-13 21:47:45;11240.0
2018-06-13 21:47:45;11245.0
2018-06-13 21:47:46;11250.0
2018-06-13 21:47:47;11255.0
2018-06-13 21:47:47;11260.0
2018-06-13 21:47:48;11265.0
2018-06-13 21:47:48;11270.0
2018-06-13 21:47:49;11275.0
2018-06-13 21:47:49;11280.0
2018-06-13 21:47:50;11285.0
2018-06-13 21:47:50;11290.0
2018-06-13 21:47:51;11295.0
2018-06-13 21:47:51;11300.0
2018-06-13 21:47:52;11305.0
2018-06-13 21:47:52;11310.0
2018-06-13 21:47:53;11315.0
2018-06-13 21:47:53;11320.0
2018-06-13 21:47:54;11325.0
2018-06-13 21:47:54;11330.0
2018-06-13 21:47:55;11335.0
2018-06-13 21:47:55;11340.0
2018-06-13 21:47:56;11345.0
2018-06-13 21:47:56;11350.0
2018-06-13 21:47:57;11355.0
2018-06-13 21:47:57;11360.0
2018-06-13 21:47:58;11365.0
2018-06-13 21:47:58;11370.0
2018-06-13 21:47:59;11375.0
2018-06-13 21:47:59;11380.0
2018-06-13 21:48:00;11385.0
2018-06-13 21:48:00;11390.0
2018-06-13 21:48:01;11395.0
2018-06-13 21:48:01;11400.0
2018-06-13 21:48:02;11405.0
2018-06-13 21:48:02;11410.0
2018-06-13 21:48:03;11415.0
2018-06-13 21:48:03;11420.0
2018-06-13 21:48:04;11425.0
2018-06-13 21:48:04;11430.0
2018-06-13 21:48:05;11435.0
2018-06-13 21:48:05;11440.0
2018-06-13 21:48:06;11445.0
2018-06-13 21:48:06;11450.0
2018-06-13 21:48:07;11455.0
2018-06-13 21:48:07;11460.0
2018-06-13 21:48:08;11465.0
2018-06-13 21:48:08;11470.0
2018-06-13 21:48:09;11475.0
2018-06-13 21:48:09;11480.0
2018-06-13 21:48:10;11485.0
2018-06-13 21:48:10;11490.0
2018-06-13 21:48:11;11495.0
2018-06-13 21:48:11;11500.0
2018-06-13 21:48:12;11505.0
2018-06-13 21:48:12;11510.0
2018-06-13 21:48:13;11515.0
2018-06-13 21:48:13;11520.0
2018-06-13 21:48:14;11525.0
2018-06-13 21:48:14;11530.0
2018-06-13 21:48:15;11535.0
2018-06-13 21:48:15;11540.0
2018-06-13 21:48:16;11545.0
2018-06-13 21:48:16;11550.0
2018-06-13 21:48:17;11555.0
2018-06-13 21:48:17;11560.0
2018-06-13 21:48:18;11565.0
2018-06-13 21:48:18;11570.0
2018-06-13 21:48:19;11575.0
2018-06-13 21:48:19;11580.0
2018-06-13 21:48:20;11585.0
2018-06-13 21:48:20;11590.0
2018-06-13 21:48:21;11595.0
2018-06-13 21:48:21;11600.0
2018-06-13 21:48:22;11605.0
2018-06-13 21:48:22;11610.0
2018-06-13 21:48:23;11615.0
2018-06-13 21:48:23;11620.0
2018-06-13 21:48:24;11625.0
2018-06-13 21:48:24;11630.0
2018-06-13 22:31:12;11635.0
2018-06-13 23:51:46;11640.0
